-- Sagefinan — phase 1 seed data.
-- Fixed UUIDs throughout so this file is idempotent-ish to read and so the
-- companion script (scripts/seed-admin.mjs) can reference the same rows when
-- it creates the admin auth user and sample movements (those two steps need
-- the Supabase Admin API, not raw SQL — see that script's header comment).

-- ============================================================================
-- DEPARTMENTS
-- ============================================================================

insert into departments (id, name, is_central_store, is_active) values
  ('10000000-0000-0000-0000-000000000001', 'Central Store', true, true),
  ('10000000-0000-0000-0000-000000000002', 'Bar', false, true),
  ('10000000-0000-0000-0000-000000000003', 'Kitchen', false, true);

-- ============================================================================
-- PRODUCTS (~10, unit_cost in Naira per bottle)
-- ============================================================================

insert into products (id, code, name, unit_cost, is_active) values
  ('20000000-0000-0000-0000-000000000001', 'BEV-0104', 'Heineken 33cl', 1500.00, true),
  ('20000000-0000-0000-0000-000000000002', 'BEV-0107', 'Star Lager 60cl', 1200.00, true),
  ('20000000-0000-0000-0000-000000000003', 'BEV-0111', 'Star Radler 33cl', 1200.00, true),
  ('20000000-0000-0000-0000-000000000004', 'BEV-0115', 'Trophy Lager 60cl', 1200.00, true),
  ('20000000-0000-0000-0000-000000000005', 'SPR-0032', 'Chivas Regal 75cl', 42000.00, true),
  ('20000000-0000-0000-0000-000000000006', 'SPR-0035', 'Jameson 75cl', 35000.00, true),
  ('20000000-0000-0000-0000-000000000007', 'WTR-0008', 'Eva Water 75cl', 400.00, true),
  ('20000000-0000-0000-0000-000000000008', 'BEV-0140', 'Coke 50cl', 550.00, true),
  ('20000000-0000-0000-0000-000000000009', 'KIT-0021', 'Vegetable Oil 5L', 8500.00, true),
  ('20000000-0000-0000-0000-000000000010', 'KIT-0022', 'Tomato Puree 800g', 1200.00, true);

-- ============================================================================
-- PRODUCT ASSIGNMENTS — central store stocks everything; Bar and Kitchen
-- stock the subset relevant to them, in shelf-walk order.
-- ============================================================================

insert into product_assignments (department_id, product_id, shelf_order) values
  ('10000000-0000-0000-0000-000000000001', '20000000-0000-0000-0000-000000000001', 1),
  ('10000000-0000-0000-0000-000000000001', '20000000-0000-0000-0000-000000000002', 2),
  ('10000000-0000-0000-0000-000000000001', '20000000-0000-0000-0000-000000000003', 3),
  ('10000000-0000-0000-0000-000000000001', '20000000-0000-0000-0000-000000000004', 4),
  ('10000000-0000-0000-0000-000000000001', '20000000-0000-0000-0000-000000000005', 5),
  ('10000000-0000-0000-0000-000000000001', '20000000-0000-0000-0000-000000000006', 6),
  ('10000000-0000-0000-0000-000000000001', '20000000-0000-0000-0000-000000000007', 7),
  ('10000000-0000-0000-0000-000000000001', '20000000-0000-0000-0000-000000000008', 8),
  ('10000000-0000-0000-0000-000000000001', '20000000-0000-0000-0000-000000000009', 9),
  ('10000000-0000-0000-0000-000000000001', '20000000-0000-0000-0000-000000000010', 10),

  ('10000000-0000-0000-0000-000000000002', '20000000-0000-0000-0000-000000000001', 1),
  ('10000000-0000-0000-0000-000000000002', '20000000-0000-0000-0000-000000000002', 2),
  ('10000000-0000-0000-0000-000000000002', '20000000-0000-0000-0000-000000000003', 3),
  ('10000000-0000-0000-0000-000000000002', '20000000-0000-0000-0000-000000000004', 4),
  ('10000000-0000-0000-0000-000000000002', '20000000-0000-0000-0000-000000000005', 5),
  ('10000000-0000-0000-0000-000000000002', '20000000-0000-0000-0000-000000000006', 6),
  ('10000000-0000-0000-0000-000000000002', '20000000-0000-0000-0000-000000000007', 7),
  ('10000000-0000-0000-0000-000000000002', '20000000-0000-0000-0000-000000000008', 8),

  ('10000000-0000-0000-0000-000000000003', '20000000-0000-0000-0000-000000000007', 1),
  ('10000000-0000-0000-0000-000000000003', '20000000-0000-0000-0000-000000000008', 2),
  ('10000000-0000-0000-0000-000000000003', '20000000-0000-0000-0000-000000000009', 3),
  ('10000000-0000-0000-0000-000000000003', '20000000-0000-0000-0000-000000000010', 4);

-- Sample movements and the admin user are created by scripts/seed-admin.mjs,
-- because movements.created_by is NOT NULL and references a real profile —
-- and a profile can only exist after its auth.users row exists. Creating that
-- auth user requires the Supabase Admin API (password hashing, email
-- confirmation, identity linking), not a hand-written INSERT into auth.users.
-- Run that script after this file. See README/SPEC.md for the exact command.
